Workbook

Sheet Student Marks
A1: S.No | B1: Name | C1: Subject | D1: Marks | E1: Rank (High to Low)
A2: 1 | B2: Aman | C2: English | D2: 49 | E2: =RANK(D2,$D$2:$D$31,0) -> 22
A3: 2 | B3: Riya | C3: Math | D3: 70 | E3: =RANK(D3,$D$2:$D$31,0) -> 10
A4: 3 | B4: Karan | C4: Math | D4: 63 | E4: =RANK(D4,$D$2:$D$31,0) -> 15
A5: 4 | B5: Sneha | C5: Math | D5: 48 | E5: =RANK(D5,$D$2:$D$31,0) -> 23
A6: 5 | B6: Vikas | C6: English | D6: 46 | E6: =RANK(D6,$D$2:$D$31,0) -> 25
A7: 6 | B7: Pooja | C7: English | D7: 89 | E7: =RANK(D7,$D$2:$D$31,0) -> 3
A8: 7 | B8: Rahul | C8: Math | D8: 38 | E8: =RANK(D8,$D$2:$D$31,0) -> 29
A9: 8 | B9: Neha | C9: Math | D9: 62 | E9: =RANK(D9,$D$2:$D$31,0) -> 16
A10: 9 | B10: Suresh | C10: Math | D10: 38 | E10: =RANK(D10,$D$2:$D$31,0) -> 29
A11: 10 | B11: Anjali | C11: English | D11: 60 | E11: =RANK(D11,$D$2:$D$31,0) -> 18
A12: 11 | B12: Divya | C12: English | D12: 88 | E12: =RANK(D12,$D$2:$D$31,0) -> 5
A13: 12 | B13: Rohit | C13: Math | D13: 92 | E13: =RANK(D13,$D$2:$D$31,0) -> 2
... A31: 30 | B31: Harish | C31: Science | D31: 45 | E31: =RANK(D31,$D$2:$D$31,0) -> 26

Sheet Summary
A1: Statistical Summary of Student Marks
A3: Metric | B3: Value
A4: Total Students | B4: =COUNTA('Student Marks'!B2:B31) -> 30
A5: Count - Math Students | B5: =COUNTIF('Student Marks'!C2:C31,"Math") -> 13
A6: Count - Science Students | B6: =COUNTIF('Student Marks'!C2:C31,"Science") -> 5
A7: Count - English Students | B7: =COUNTIF('Student Marks'!C2:C31,"English") -> 12
A8: Count - Marks Above 75 | B8: =COUNTIF('Student Marks'!D2:D31,">75") -> 8
A9: Average Marks - Math | B9: =AVERAGEIF('Student Marks'!C2:C31,"Math",'Student Marks'!D2:D31) -> 65.230769
A10: Average Marks - Science | B10: =AVERAGEIF('Student Marks'!C2:C31,"Science",'Student Marks'!D2:D31) -> 55.2
A11: Average Marks - English | B11: =AVERAGEIF('Student Marks'!C2:C31,"English",'Student Marks'!D2:D31) -> 66.333333
A12: Overall Average Marks | B12: =AVERAGE('Student Marks'!D2:D31) -> 64
A13: Highest Marks | B13: =MAX('Student Marks'!D2:D31) -> 93
A14: Lowest Marks | B14: =MIN('Student Marks'!D2:D31) -> 38
A15: Standard Deviation (Sample) | B15: =_xlfn.STDEV.S('Student Marks'!D2:D31) -> 17.067816
A16: Variance (Sample) | B16: =_xlfn.VAR.S('Student Marks'!D2:D31) -> 291.31034
